Name,Location,Rating,Impression,Price,Description
The Cendana Villas Batu,"Batu, Malang",4.1,Good,IDR 1.141.762,per kamar per malam
Villa Pyramid Batu,"Batu, Malang",,,IDR 3.182.500,per kamar per malam
Villa Carmela by Kingspark 8,"Batu, Malang",4.6,Fantastic,IDR 2.365.605,per kamar per malam
The Villaku Batu,"Batu, Malang",,,IDR 10.000.000,per kamar per malam
Villa Green Apple,"Batu, Malang",3.5,Okay,IDR 1.520.000,per kamar per malam
Villa Melvin Amarta Hills,"Batu, Malang",4.2,Good,IDR 1.526.579,per kamar per malam
Alam Batu Village,"Batu, Malang",4.1,Good,IDR 337.500,per kamar per malam
Villa Mulyono,"Batu, Malang",4.5,Good,IDR 1.426.033,per kamar per malam
TELAGA INN SARANGAN,"Plaosan, Magetan",,,IDR 13.065.000,per kamar per malam
Villa Della Scala,"Batu, Malang",4,Good,IDR 3.768.958,per kamar per malam
Griya Kubus,"Batu, Malang",4.3,Good,IDR 1.701.450,per kamar per malam
Villa Alura Batu,"Batu, Malang",4.5,Fantastic,IDR 560.000,per kamar per malam
Villa Poermira 1 (3 Bedroom),"Batu, Malang",4.5,Good,IDR 416.160,per kamar per malam
Rumah Kertajaya,"Sukolilo, Surabaya",4.5,Fantastic,IDR 274.500,per kamar per malam
Villa Poermira 2 (2 Bedroom),"Batu, Malang",4.5,Fantastic,IDR 380.587,per kamar per malam
Aventree Homestay,"Lowokwaru, Malang",3.9,Good,IDR 268.650,per kamar per malam
Villa suzan,"Batu, Malang",,,,
New Villa Purnama 3 Bedroom,"Batu, Malang",3,Okay,IDR 997.500,per kamar per malam
Villa Batu Bale Bale,"Batu, Malang",4.9,Fantastic,IDR 1.980.000,per kamar per malam
Villa 4 kamar Klub Bunga No. 8 dekat Jatim Park 1,"Batu, Malang",3.9,Good,IDR 750.600,per kamar per malam
GAIA Lodge The Kusuma Hill Batu,"Batu, Malang",4.7,Fantastic,IDR 3.450.000,per kamar per malam
Villa Sawahan 4 Bedroom with Private Pool,"Batu, Malang",4.9,Fantastic,IDR 1.827.095,per kamar per malam
Kuvila,"Batu, Malang",4.6,Fantastic,IDR 581.549,per kamar per malam
Desa Limasan Resort,"Pringkuku, Pacitan",4.5,Fantastic,IDR 1.210.646,per kamar per malam
Monochrome Villa,"Batu, Malang",4.8,Fantastic,IDR 737.295,per kamar per malam
Villa Castle Aira,"Batu, Malang",4.3,Good,IDR 275.400,per kamar per malam
Villa Kastara at M1 Emerald Villas,"Batu, Malang",4.4,Good,IDR 1.485.000,per kamar per malam
Villa Adi Kusuma Anggrek 4,"Batu, Malang",4,Good,IDR 994.500,per kamar per malam
Full House 3 Bedroom at VILA FARABELA BATU,"Batu, Malang",5,Fantastic,IDR 482.427,per kamar per malam
Villa Griya Pesona 3 Bedroom,"Batu, Malang",1,Terrible,IDR 1.140.000,per kamar per malam
Omahe Malang,"Blimbing, Malang",4.7,Fantastic,IDR 997.191,per kamar per malam
Ijen Cliff Resort,"Licin, Banyuwangi",4.1,Good,IDR 520.000,per kamar per malam
Betah Homestay Banyuwangi,"Giri, Banyuwangi",4.7,Fantastic,IDR 245.000,per kamar per malam
Villa 2 kamar Abdul Gani No. 5 dekat Museum Angkut,"Batu, Malang",3.7,Good,IDR 714.000,per kamar per malam
Batu Hill Villa,"Pringkuku, Pacitan",4.9,Fantastic,IDR 3.726.288,per kamar per malam
Villa Dean,"Batu, Malang",4.5,Fantastic,IDR 617.500,per kamar per malam
Villa Kendi,"Kalibaru, Banyuwangi",4.6,Fantastic,IDR 374.476,per kamar per malam
Villa Sawahan with Private Pool,"Batu, Malang",4.9,Fantastic,IDR 963.016,per kamar per malam
Villa Asri,"Batu, Malang",,,IDR 225.000,per kamar per malam
Villa Batu Safir (4 Bedroom),"Batu, Malang",4.5,Fantastic,IDR 744.800,per kamar per malam
Villa Agro Kusuma Batu Malang,"Batu, Malang",3.6,Good,,
Villa Cemara,"Batu, Malang",,,,
KENS VILLA 8,"Batu, Malang",3.9,Good,IDR 370.500,per kamar per malam
Gandaria Villa Batu,"Batu, Malang",5,Fantastic,IDR 2.940.000,per kamar per malam
Azcarya Villa Type Harry,"Batu, Malang",4.6,Fantastic,IDR 2.793.000,per kamar per malam
Villa Grand Estate 3 Bedrrom,"Batu, Malang",3.5,Good,IDR 1.070.650,per kamar per malam
Villa Edelweis 6 with Private Pool by RTL,"Batu, Malang",5,Fantastic,,
The Svasana Villa,"Batu, Malang",4.1,Good,IDR 1.700.000,per kamar per malam
Villa All New Casa Grande by Masterpiece Villa,"Batu, Malang",4.4,Good,IDR 825.033,per kamar per malam
Azcarya Villa Type Dyah,"Batu, Malang",4.3,Good,IDR 3.050.000,per kamar per malam
"Tropical Boutique Batu Villa, Near Museum Angkut","Batu, Malang",4.8,Fantastic,IDR 533.365,per kamar per malam
The Inggil Villa,"Batu, Malang",4.3,Good,IDR 2.664.635,per kamar per malam
Villa Lotus 36 5 Bedroom,"Batu, Malang",4,Good,IDR 1.815.450,per kamar per malam
Villa Green Pinus 5 Bedroom,"Batu, Malang",,,IDR 3.325.000,per kamar per malam
Emerald Villas J7 Batu - 2 Bedroom by NAF,"Batu, Malang",3.9,Good,,
One Bedroom Rockwood Executive Room Pool View,"Batu, Malang",3.1,Okay,IDR 656.876,per kamar per malam
Villa Kangen Omah,"Pacet, Mojokerto",5,Fantastic,IDR 878.378,per kamar per malam
Villa Lovender Klub Bunga A14,"Batu, Malang",,,IDR 2.000.000,per kamar per malam
The Villas 36 Batu,"Batu, Malang",4.5,Good,,
One bedroom Rockwood Deluxe Room,"Batu, Malang",1.4,Terrible,IDR 398.433,per kamar per malam
Omah Kayoe Elok,"Batu, Malang",4.5,Good,IDR 1.367.100,per kamar per malam
Villa Rumah Bromo,"Bromo, Probolinggo",4.3,Good,IDR 877.500,per kamar per malam
MY Rooms Stay n Dine,"Dukuh Pakis, Surabaya",3.8,Good,IDR 153.000,per kamar per malam
Villa Batoe Lidi Sweet Home 1,"Batu, Malang",4.7,Fantastic,,
Villa Kayana BB1,"Batu, Malang",,,,
D&D Bellevue Guest House,"Batu, Malang",,,,
Villa Griya Santi B21,"Batu, Malang",4.6,Fantastic,IDR 763.940,per kamar per malam
Justmine Homestay (3 Menit Jatim Park 3),"Batu, Malang",5,Fantastic,,
The Pasir Putih Villas,"Bungatan, Situbondo",4.2,Good,IDR 496.375,per kamar per malam
Villa 2 kamar Panderman Garden C5 sebelah Jatim Park 2,"Batu, Malang",4,Good,IDR 699.720,per kamar per malam
Villa D'coopers3 depan JATIM PARK2 pas 5bedroom,"Batu, Malang",4.9,Fantastic,,
Villa 2 kamar Abdul Gani No. 10 dekat Museum Angkut,"Batu, Malang",3.2,Okay,IDR 534.600,per kamar per malam
Villa All New Casa Verde by Masterpiece Villa,"Batu, Malang",4.8,Fantastic,IDR 771.995,per kamar per malam
Exclusive Villa Heinbill 2 Estate 5 Bedroom,"Batu, Malang",4.7,Fantastic,IDR 2.356.235,per kamar per malam
Villa Kirana Batu,"Batu, Malang",4.3,Good,IDR 509.600,per kamar per malam
"4 Bedroom, Whitehouse Family Villa, Center of Batu","Batu, Malang",4.4,Good,,
Villa Syariah Permata Seis,"Batu, Malang",4.7,Fantastic,IDR 673.372,per kamar per malam
Villa 3 BR Edelweis Batu,"Batu, Malang",5,Fantastic,IDR 792.300,per kamar per malam
Villa O3 by Masterpiece Villa,"Batu, Malang",4.3,Good,IDR 582.120,per kamar per malam
Azcarya Villa Type Adjar,"Batu, Malang",4.5,Fantastic,IDR 2.850.000,per kamar per malam
Villa Puncak Garuda D6,"Batu, Malang",4.5,Fantastic,IDR 463.050,per kamar per malam
Villa Homemada Batu,"Batu, Malang",4.6,Fantastic,IDR 418.950,per kamar per malam
Villa Syariah Permata Garden,"Batu, Malang",4.1,Good,IDR 749.700,per kamar per malam
Villa Devan by Royal Villa,"Batu, Malang",4.8,Fantastic,IDR 970.200,per kamar per malam
Villa Syariah Taman Harmoni,"Batu, Malang",4,Good,IDR 758.956,per kamar per malam
Villa Evan Batu,"Batu, Malang",,,IDR 2.904.000,per kamar per malam
Villa Arwinda Batu,"Batu, Malang",4.8,Fantastic,IDR 3.230.824,per kamar per malam
Oemah Arma Rinjani -2,"Batu, Malang",5,Fantastic,,
Villa Griya Santi B20,"Batu, Malang",4.6,Fantastic,IDR 1.214.952,per kamar per malam
Sinar Express Villa,"Trawas, Mojokerto",,,IDR 8.000.000,per kamar per malam
Sierra Guest House,"Pakis, Malang",3.5,Okay,IDR 495.641,per kamar per malam
Villa Aviation by Masterpiece Villa,"Batu, Malang",4.7,Fantastic,IDR 533.875,per kamar per malam
Villa Private Pool Syariah | Musim Liburan,"Batu, Malang",4.7,Fantastic,IDR 805.335,per kamar per malam
The Batu Villas Panderman Garden C5,"Batu, Malang",3.2,Okay,,
Villa The Oz HE-05,"Dau, Malang",4.7,Fantastic,IDR 603.530,per kamar per malam
Villa Keluarga Permata,"Batu, Malang",4.7,Fantastic,,
Villa Batu Residence C-9,"Batu, Malang",4.7,Fantastic,IDR 676.706,per kamar per malam
Azcarya Villa Type Mala,"Batu, Malang",4.1,Good,IDR 2.417.948,per kamar per malam
Villa Mediana,"Pacet, Mojokerto",3.4,Okay,IDR 654.519,per kamar per malam
Villa Sunrise Batu,"Batu, Malang",4.7,Fantastic,IDR 1.944.000,per kamar per malam
Villa Kayana E3 Batu - 3 Bedroom by NAF,"Batu, Malang",5,Fantastic,,
Villa Puncak Garuda B6,"Batu, Malang",4.4,Good,IDR 366.127,per kamar per malam
Villa Batu Residence C-7,"Batu, Malang",4.6,Fantastic,IDR 671.695,per kamar per malam
Villa Holiday by Masterpiece Villa,"Batu, Malang",4.5,Fantastic,IDR 485.286,per kamar per malam
VILLA ALVA 2bedroom depan JATIM PARK 2 pas,"Batu, Malang",4.5,Good,,
Villa Carista Batu,"Batu, Malang",4.6,Fantastic,IDR 1.674.512,per kamar per malam
Villa Casa Blanca by Masterpiece Villa,"Batu, Malang",4.5,Good,IDR 436.786,per kamar per malam
Full House at Villa Kusuma Estate 30,"Batu, Malang",4,Good,IDR 1.282.500,per kamar per malam
Villa Harmoni Syariah by Masterpiece Villa,"Batu, Malang",4.5,Good,IDR 551.223,per kamar per malam
Vila Monex,"Batu, Malang",4.5,Fantastic,,
Villa Sunday by Masterpiece Villa,"Batu, Malang",4.2,Good,IDR 485.325,per kamar per malam
Godong Homestay,"Banyuwangi, Banyuwangi",4.7,Fantastic,,
MY Rooms Syariah @ Jombang,"Jombang, Jombang",4.4,Good,IDR 167.875,per kamar per malam
Villa Edelweis 3 kamar No. 7 dekat Museum Angkut,"Batu, Malang",3,Okay,IDR 983.665,per kamar per malam
The Peak Villa A2 (4bedrooms),"Batu, Malang",4.6,Fantastic,IDR 3.258.500,per kamar per malam
Villa Casa Liana by Masterpiece Villa,"Batu, Malang",4.8,Fantastic,IDR 451.213,per kamar per malam
Midi Home doble bed view balkon,"Batu, Malang",4,Good,IDR 237.399,per kamar per malam
Vila Kusuma Estate Batu,"Batu, Malang",,,,
VILLA PERMATA GARDEN KOTA BATU(plus Kanopi Balkon),"Batu, Malang",2,Bad,,
Villa  Pesona Batu Residence 51,"Batu, Malang",4.6,Fantastic,,
VILLA BAGUS KAYANA H2 DI BATU JAWA TIMUR,"Batu, Malang",3.3,Okay,IDR 490.050,per kamar per malam
The Pekayon Villa Pacet,"Pacet, Mojokerto",5,Fantastic,IDR 2.006.550,per kamar per malam
The Peak Villa A1,"Batu, Malang",4.6,Fantastic,IDR 3.258.500,per kamar per malam
Private Pool Villa Kartika Batu,"Batu, Malang",4,Good,IDR 1.722.952,per kamar per malam
Villa 2 Kamar Murah -  Graha Nisrina 02,"Batu, Malang",4,Good,,
Villa Oth - 2 Bedroom,"Batu, Malang",4.5,Fantastic,IDR 426.550,per kamar per malam
Villa Kusuma Pinus R7,"Batu, Malang",4.4,Good,IDR 4.003.300,per kamar per malam
Villa Kayana E2,"Batu, Malang",5,Fantastic,IDR 732.255,per kamar per malam
Rumah Sorai,"Batu, Malang",4.7,Fantastic,IDR 538.020,per kamar per malam
"VillaOmahturu_4BR(AC), Kota Batu, Harga u/1 Villa.","Batu, Malang",4.8,Fantastic,,
Vila Sawo Kecik Syariah - Unit Daun,"Batu, Malang",4.6,Fantastic,IDR 3.042.900,per kamar per malam
Villa Twin Private Pool by Masterpiece Villa,"Batu, Malang",4.2,Good,IDR 1.698.663,per kamar per malam
Little Trawas Resort and Villas By Triple Tree,"Trawas, Mojokerto",5,Fantastic,IDR 765.000,per kamar per malam
Villa Rafif Batu - Four Bedroom,"Batu, Malang",4.7,Fantastic,IDR 605.150,per kamar per malam
PINK VILLA  - PANDERMAN HILL,"Batu, Malang",,,IDR 1.992.164,per kamar per malam
"Villa Rengganis Batu  ""Rooftop Mount View""","Batu, Malang",4.9,Fantastic,IDR 1.300.000,per kamar per malam
"Villa Madina Syariah 3Br( 2 Ac, 1 fan) 2 menjt jatim park 3","Batu, Malang",5,Fantastic,IDR 757.318,per kamar per malam
villa batu malang 4BR+kolam renang,"Batu, Malang",,,,
Villa Permata Afta Batu,"Batu, Malang",4.1,Good,IDR 516.886,per kamar per malam
New villa fortune by VHB Group,"Batu, Malang",5,Fantastic,,
Villa Army,"Prigen, Pasuruan",,,,
Samadi Villa Batu,"Batu, Malang",4.7,Fantastic,IDR 1.323.000,per kamar per malam
Penginapan / Villa Tengger Asri 2 Gunung Bromo,"Bromo, Probolinggo",3.8,Good,IDR 1.075.768,per kamar per malam
Villa Golden Pinus 7 Bedroom,"Batu, Malang",,,IDR 4.560.000,per kamar per malam
Joglo Exotico,"Batu, Malang",5,Fantastic,IDR 1.304.579,per kamar per malam
Great Living at Villa Green Pochinki,"Batu, Malang",3,Okay,IDR 522.500,per kamar per malam
Villa Weekend by Masterpiece Villa,"Batu, Malang",4.7,Fantastic,IDR 643.880,per kamar per malam
Villa Kastara at H7 Kayana,"Batu, Malang",4.9,Fantastic,IDR 1.569.412,per kamar per malam
Villa kita,"Batu, Malang",4.4,Good,IDR 530.353,per kamar per malam
Omah hinggil batu,"Batu, Malang",,,,
